Race1,Race2,Axis,ICC
HT1 post,HT2 post,x,0.54772098490067
HT1 post,HT2 post,y,0.537705447544837
HT1 post,HT2 post,z,0.610592148656862
