Race1,Race2,Axis,ICC
HT1 pre,HT2 pre,x,0.196601020245879
HT1 pre,HT2 pre,y,0.483650976917271
HT1 pre,HT2 pre,z,0.5622527144842
HT1 post,HT2 post,x,0.54772098490067
HT1 post,HT2 post,y,0.537705447544837
HT1 post,HT2 post,z,0.610592148656862
CR1 pre,CR2 pre,x,0.285154220450196
CR1 pre,CR2 pre,y,0.716662586715863
CR1 pre,CR2 pre,z,0.383158238638411
CR1 post,CR2 post,x,0.138855179439968
CR1 post,CR2 post,y,0.774346322189531
CR1 post,CR2 post,z,0.405990083352899
