lambda,Kx,Ku,Race,Axis
0.97896540212454,5000.55520070837,107.444724371946,CR1 post,x
0.997256752952748,10022.8764566328,27.5708599247042,CR1 post,y
0.997358537915557,22484.9783248504,59.5505181504147,CR1 post,z
0.959742184044464,3112.94602562867,130.577159431674,HT1 post,x
0.996375476823025,6438.10322341675,23.4199404660563,HT1 post,y
0.996886433817208,14111.8944256363,44.0755493988952,HT1 post,z
0.977735311571608,5947.22880147395,135.428468942515,HT2 post,x
0.994856229907862,4645.94310398037,24.0212228356272,HT2 post,y
0.997398604959892,17510.3411396766,45.6701206166059,HT2 post,z
